{
  "name": "angular-cookies",
  "version": "1.4.7",
  "main": "./angular-cookies.js",
  "ignore": [],
  "dependencies": {
    "angular": "1.4.7"
  },
  "homepage": "https://github.com/angular/bower-angular-cookies",
  "_release": "1.4.7",
  "_resolution": {
    "type": "version",
    "tag": "v1.4.7",
    "commit": "083c164d49ab007e7725b77b9f46095679db010f"
  },
  "_source": "git://github.com/angular/bower-angular-cookies.git",
  "_target": "1.4.7",
  "_originalSource": "angular-cookies",
  "_direct": true
}